"STUB_1","9/18/26","9/11/26","Difference","9/19/25","Percent Change","9/20/24","Percent Change"
"Crude Oil","710.950","708.386","2.564","820.712","-13.400","794.935","-10.600"
"Commercial (Excluding SPR)","426.398","423.429","2.969","414.754","2.800","413.042","3.200"
"East Coast (PADD 1)","8.372","8.195","0.176","8.005","4.600","8.086","3.500"
"Midwest (PADD 2)","104.070","99.663","4.407","103.239","0.800","102.358","1.700"
"Cushing","23.748","21.482","2.266","23.738","0.000","22.827","4.000"
"Gulf Coast (PADD 3)","244.080","246.172","-2.093","234.311","4.200","234.545","4.100"
"Rocky Mountain (PADD 4)","23.319","23.409","-0.091","22.736","2.600","21.955","6.200"
"West Coast (PADD 5)","46.558","45.989","0.569","46.462","0.200","46.096","1.000"
"Alaska In-Transit","3.885","3.737","0.148","3.897","-0.300","1.610","141.300"
"SPR","284.552","284.957","-0.405","405.958","-29.900","381.893","-25.500"
"Total Motor Gasoline","206.046","207.732","-1.686","216.569","-4.900","220.083","-6.400"
"Reformulated","0.025","0.024","0.001","0.030","-16.700","0.021","19.000"
"Conventional","14.312","14.558","-0.246","14.792","-3.200","15.656","-8.600"
"Blending Components","191.709","193.150","-1.442","201.748","-5.000","204.406","-6.200"
"Fuel Ethanol","24.683","25.220","-0.537","23.468","5.200","23.524","4.900"
"Kerosene-Type Jet Fuel","45.466","45.338","0.129","44.951","1.100","46.344","-1.900"
"Distillate Fuel Oil","107.431","107.859","-0.428","122.999","-12.700","122.921","-12.600"
"15 ppm sulfur and Under","96.362","96.966","-0.604","111.889","-13.900","113.788","-15.300"
"> 15 ppm to 500 ppm sulfur","4.153","4.324","-0.170","3.806","9.100","2.411","72.300"
"> 500 ppm sulfur","6.915","6.569","0.346","7.305","-5.300","6.722","2.900"
"Residual Fuel Oil","23.723","23.018","0.705","21.115","12.400","24.787","-4.300"
"Propane/Propylene","107.870","109.092","-1.222","99.918","8.000","97.560","10.600"
"Other Oils ","309.739","309.561","0.178","338.174","-8.400","319.725","-3.100"
"Unfinished Oils","77.611","76.907","0.704","82.856","-6.300","82.507","-5.900"
"Total Stocks (Including SPR)","1,535.908","1,536.205","-0.297","1,687.905","-9.000","1,649.879","-6.900"
"Total Stocks (Excluding SPR)","1,251.356","1,251.248","0.108","1,281.947","-2.400","1,267.986","-1.300"
